text	label
Just… everything is too much. We just had a huge fight. I feel so alone and like I'm drowning. I don't even know what to do anymore. I just want the pain to stop. Seriously. I can't breathe. Is anyone even listening? 💔	suicide
Ugh, just had a *massive* fight with my mom. Seriously questioning all my life choices right now. Gonna order a pizza and watch trash TV until I feel slightly less annoyed. 🍕📺 #stressed #familydrama #needcomfortfood	non-suicide
Okay, I need to get this off my chest. We had a *massive* fight tonight. Like, hours long. It started with something stupid – me leaving the dishes in the sink – but quickly spiralled into everything we've been avoiding talking about for months. He said I'm always critical, that I never appreciate anything he does, and honestly, it stung. I countered with how he shuts down emotionally and how I feel like I’m constantly carrying the weight of the relationship. It felt like we were just throwing accusations back and forth, neither of us actually *listening*. I'm exhausted and hurt, but mostly just… frustrated. It's not that I want to break up, I really don't, but this pattern is so unhealthy. We need to actually *communicate*, not just yell until we're both numb. I’m going to try and sleep, but I doubt I will. I just needed to vent	non-suicide
"Another doctor's appointment. Another ""it's probably just stress"" comment. Stress?! I've been battling this autoimmune thing for *years* and it's ruining my life, and they act like I'm just a bit tired! It's infuriating. Seriously considering just becoming a hermit. No energy to explain it to anyone anyway. 🤬 #chronicillness #autoimmune #frustrated #tiredofbeingignored #invisibleillness"	non-suicide
Another day, another wave of pain. Not just the physical stuff, which is bad enough, but this…emptiness. I feel like I'm drowning, and everyone just thinks I'm having a bad flare-up. I'm so tired of *being* tired. Tired of fighting, tired of hoping, tired of pretending I'm okay. Honestly, I don’t see a way out of this. It feels like this is just…it. I wish someone would actually *see* me, not just the illness. #chronicpain #depression #invisibleillness #done	suicide
Just… really not a good day. Everything feels extra heavy. Trying to rest. 😔	non-suicide
Just feeling…stuck. Like I’m wading through concrete. Work is relentless, bills are piling up, and honestly, I haven’t laughed properly in weeks. Not sure what the point of pushing on is sometimes, but I guess I’ll just keep putting one foot in front of the other. Anyone else feel this way? #adultingishard #burnout #justtired	non-suicide
Ugh. Just… a lot right now. Need to walk it off. 🚶‍♀️	non-suicide
Ugh, Mondays, am I right? Seriously dragging today. Need a serious coffee refill and maybe a nap. Anyone else feeling this? 😴 #mondayblues #needcoffee #tired	non-suicide
I honestly don't know what to do anymore. Just got the call... laid off. After 8 years. Feels like everything I worked for just...vanished. I'm trying to be strong for my family, but I'm just so incredibly lost and numb. I keep replaying everything, wondering what I could have done differently. It's like a weight is crushing me. I feel so utterly hopeless. Anyone been through this? I could really use a lifeline right now. #jobloss #depression #lost #hopeless #needhelp	suicide
Just got the call. Layoff. After 15 years. Feels like everything I built, everything I worked for... just gone. I applied to like 20 places last month and haven’t even gotten a reply. What's the point of even trying anymore? Seriously. I just... I don’t see a way out of this. It’s not just the money, it’s the feeling of being worthless.	suicide
I just… I don’t even know anymore. We went back and forth for *hours* tonight. It wasn’t even about the big stuff, just a pile of little things that built up until it exploded. And then she said… she said I was suffocating her. That I was too much. It’s like everything I do is wrong, everything I feel is invalid. I try so hard to be a good partner, to be supportive, to *fix* things, but it's never enough. I’m tired of trying to be someone I'm not, tired of feeling like a failure. I’ve spent the last hour just staring at the ceiling, replaying everything, and honestly, I don't see a way out of this. I feel completely and utterly alone, and I don’t know if I can keep going. It feels like the weight of everything is just… crushing me. I'm	suicide
Just... a lot to process right now. Things didn't go as planned at work. Trying to stay positive. 😔	non-suicide
Honestly, I'm just... done. Been feeling this way for a while now, like I'm constantly treading water and getting nowhere. No energy to even pretend anymore. Guess this is it. Don't bother trying to fix things, it's too late.	suicide
"Seriously, what’s the *point*? Another day stuck in bed, body screaming, doctors running tests and finding nothing helpful. Everyone else gets to *live* their lives. I’m just…existing. And it's exhausting. I'm so angry all the time, at my body, at the doctors, at everyone who says ""stay positive."" Positive doesn't fix chronic pain. I just want it to STOP. I don’t see a way out of this anymore."	suicide
I've been staring at the ceiling for hours. It just… feels like everything is closing in. Not in a dramatic way, not like a sudden crisis, but this slow, creeping weight. I've tried to talk to people, but it's like explaining a color to someone who’s blind. They say “just think positive” or “it gets better,” and I want to scream. It *doesn't* just get better. It festers. I'm exhausted from pretending. Exhausted from carrying this. I feel like I’m a burden to everyone, like my sadness drains the energy from the room. I keep replaying mistakes, things I should have done differently, words I shouldn't have said. It's a loop. A broken record stuck on repeat. I don't want to be a burden anymore. I don’t know what else to do. I genuinely don't see a way	suicide
Okay, so like, I’m just… really frustrated right now. School is just SO much. I have this huge history project due next week, and I honestly don’t even know where to *start*. It’s not even that I don’t *want* to do well, it’s just… overwhelming. And then my mom keeps saying I need to ‘prioritize’ and ‘manage my time’ but like, easier said than done?! I’m trying to balance this with soccer practice, and trying to hang out with my friends (when I can), and I feel like I’m constantly failing at everything. Plus, Sarah and Emily are fighting and it’s making the whole friend group weird and I just want everyone to get along. It's just a lot. I’m probably just being dramatic, but I feel like everything is falling apart and I just need a break. I just wish someone understood how stressed	non-suicide
Seriously?! Just got a call saying my position was “eliminated” due to restructuring. After 5 years of busting my butt for this company! Absolutely fuming right now. Guess I’m updating my resume. Anyone got leads in marketing? #jobloss #laidOff #angry #needajob #frustrated	non-suicide
Another day, another flare-up. Honestly, I'm just… tired. Tired of fighting, tired of the pain, tired of pretending I'm okay when I'm really not. It feels like this illness is stealing my life, bit by bit. Some days I just want to curl up and disappear, but I know I have to keep going, even if it's just one small step at a time. It's just so *hard*. Send good vibes if you've got 'em. 😔 #chronicillness #spoonie #fatigue #invisibleillness #hopeless #buttrying	non-suicide
I honestly don't see a way out. It feels like everything I've worked for, *everything*, just crumbled today. Laid off. After 15 years. They said 'restructuring,' but it's just…gone. And it's not just the money, though that's terrifying. It's the feeling of being worthless. Like all those years, all those sacrifices, meant nothing. My wife is trying to be strong, but I can see the fear in her eyes. The kids are asking what's wrong, and I just tell them things are okay, which is a lie. I’ve applied to so many jobs already, but the silence is deafening. I'm drowning in applications and rejection emails. I feel like a failure as a provider, as a husband, as a father. I keep replaying everything in my head, wondering what I could have done differently. It just…it feels endless	suicide
Honestly, not sure what to do anymore. Got the call today... laid off. Feels like everything's just crumbling. Been putting everything into that job for 5 years. Guess it wasn't enough. Don't really see a point in even trying to pick up the pieces. Just… tired.	suicide
Honestly, just… really tired. Like bone-deep tired. Not just from the fibro, it’s everything. Feels like I’m constantly fighting just to *be*. Don’t really see a point in fighting anymore, tbh. Just want it to stop. 😔	suicide
Just…so tired. Everything hurts. Not sure how much longer I can keep pretending. 💔	suicide
Just got the call. Layoffs hit my department. Honestly, I’m completely gutted. Been with this company for 5 years, poured my heart into it, and now… just feels like starting over. Trying to stay positive for my family, but it’s really hard to see a way forward right now. Anyone else been through this? Any advice welcome. #jobloss #layoffs #hopeless #needhelp #career	non-suicide
"Ugh, another day, another flare-up. It's just… exhausting. People don't understand chronic pain isn't *always* visible. I look ""fine"" but inside it feels like someone is slowly grinding my bones to dust. Spent most of the morning just trying to get out of bed, then another hour on a heating pad before I could even think about coffee. Doctor appt next week, hoping they'll actually listen this time. It's not about wanting attention, it’s about wanting to *function*. Honestly, sometimes I just want to be able to walk around the block without feeling like I'm going to collapse. It’s frustrating feeling like I’m constantly apologizing for my body not cooperating. Anyone else deal with this? Just needed to vent. #chronicpain #chronicillness #spoonie #invisibleillness #fibromyalgia #spoonielife #exhausted #needabreak #health"	non-suicide
I'm done. Absolutely done. Years of being stepped on, overlooked, and lied to. I tried, I really did. But nobody cares, and frankly, I'm too exhausted to keep pretending they will. Don't bother reaching out. It won't change anything. This is my goodbye.	suicide
Ugh, another day, another round of feeling like my body is betraying me. Seriously though, this flare-up is *rough*. Just trying to get through the afternoon and maybe watch some trash TV. Anyone else dealing with chronic pain/illness today? Send coffee and good vibes! ☕️ #chronicillness #spoonie #pain #tired #needabreak	non-suicide
Ugh, just had the worst fight with my mom. Everything she says just feels like a personal attack, even when I know she doesn’t mean it that way. I’m trying to be understanding but I just… I can’t stop crying. Seriously need a hug and someone to tell me it's going to be okay. Feeling so overwhelmed and lost right now. 😩 #familyissues #stressed #needsupport #emotional #helpme	non-suicide
Honestly, this is hitting me harder than I thought. Just got the call about the layoff. Years with the company, poured my heart into it, and now... nothing. Trying to stay positive for my family, but I'm just so lost and scared. Anyone else been through this? Any advice would be appreciated. Just need to vent for a minute 😭 #jobloss #layoff #struggling #needhelp #lost	non-suicide
I’m done. Seriously, just… done. Everyone always says things get better, but they don’t. They just get different kinds of awful. I’ve tried so hard to be what people want, to fix everything, and it’s just exhausting. I’m so unbelievably angry all the time and I can't take it anymore. No one even *sees* how much I'm hurting. It's easier if I just disappear.	suicide
Seriously considering throwing my phone into the ocean. This whole situation with work is just… infuriating. They keep changing the goalposts and expecting miracles. I need a vacation. A long one. 😤 #stressed #worklife #adultingishard #needabreak	non-suicide
Can’t breathe. Everything feels… pointless. Just need to disappear. 💔	suicide
Ugh, seriously? Laid off today. Not even a two weeks notice. Guess I'm updating my LinkedIn and eating a *lot* of ramen for the foreseeable future. Anyone know of any good remote marketing gigs? Send help (and job leads) 😂 #jobsearch #laidOff #sendHelp #adultingIsHard	non-suicide
I just... I don't see the point anymore. Everything feels so heavy, and no matter what I do, it doesn't get better. Everyone would probably be better off without me anyway. Just feel so incredibly alone. Don't even know why I'm typing this, no one cares. 😔	suicide
i just... don't see the point anymore. everything feels so heavy and nothing really makes me happy. like, what's the point of even trying when it's just gonna feel like this again tomorrow? no one gets it. just wanna disappear. 😔	suicide
Just… done. Everything feels pointless. Lost my job today. Don’t see a way forward.	suicide
Ugh, this week is just…a lot. Everything feels overwhelming and I can’t seem to catch a break. Like, I’m trying to be positive, but it’s hard when everything keeps going wrong. Anyone else feel like they’re drowning in stuff to do? Just needed to vent, I guess. 😩 #stressed #teenlife #helpme #overwhelmed	non-suicide
Ugh, seriously?! Just had a HUGE fight with my mom. She just *doesn't* get it. I needed to go out tonight, and she’s treating me like I’m 12. I’m so frustrated I could scream. Gonna go for a walk to cool down before I say something I regret. 😤 #teenlife #drama #momproblems #stressed	non-suicide
I’ve been battling this for so long, and honestly, I don't see a way out. It’s not a sudden thing, it’s been building for years. The weight of everything – the job I hate, the loneliness that clings to me even when I’m *around* people, the constant feeling of being a failure… it’s just too much. I’ve tried therapy, medication, everything everyone suggested, and it feels like putting a band-aid on a gaping wound. I'm tired of pretending. Tired of smiling when I want to scream. I've made some decisions and I'm finalizing things now. I just… I wanted to explain, so it doesn’t seem like I just disappeared. It's not a cry for help, it's an explanation. A goodbye. Please don't try to contact me. I need peace, even if it’s only in this.	suicide
Ugh, just had the worst fight with my mom. Feels like she never understands me, and honestly, I just feel so…stuck. Everything feels hard right now. Just need to escape into a movie for a while and pretend things are okay. 😔 #badmood #familyissues #needabreak #hopeless	non-suicide
I just… I don’t see a way out anymore. It feels like everything is just piling up, and I’m drowning. School is impossible, I can’t focus, and everyone expects me to just *be* okay, like it’s a switch I can flip. My parents are constantly on me about grades, and they don’t even *try* to understand what I’m going through. It’s not just school though, it’s…everything. I feel so incredibly alone, even when I’m surrounded by people. Like I’m watching life happen *to* everyone else, and I’m not a part of it. I’ve tried talking to a few friends, but they just say things like “it gets better” or “you have so much to live for,” and it just makes me feel worse because it feels like they don’t actually get it. It’s like they think	suicide
Just… done. Everything feels pointless. We just had a fight, the same fight we *always* have, and I just can't see how any of this gets better. I'm exhausted. So, so tired of trying. I don't even know why I bother anymore. It would just be easier if I wasn’t here. Seriously. 💔	suicide
I just… I can’t do this anymore. Everything feels so heavy, like I’m drowning in quicksand. I’ve tried to be strong, I really have, but it’s exhausting. I feel so incredibly alone, even when I’m surrounded by people. I don’t even know what I’m hoping for, just… something to stop the pain. I'm so tired of fighting. Does anyone even care? #lost #hopeless #needhelp #depression	suicide
Ugh, seriously?! Another pointless meeting that could've been an email. I'm SO frustrated right now. Just need to vent before I explode. This day is a disaster. 🤬 #stressed #worklife #rant #needabreak	non-suicide
everything feels... pointless. just tired of trying. 😔	suicide
"Seriously, what's the point anymore? Just got the call. Laid off. After 15 years. Fifteen years of giving them my life, and they just… discard you. Feels like everything I worked for was a waste. Everyone keeps saying ""it'll be okay"" but it won't. It just won’t. I’m done fighting. 🤬 #jobloss #laidOff #useless #done"	suicide
Ugh, seriously?! My parents just don’t GET it. Grounded for life for something my friend did?! It’s SO unfair. I swear, this family is trying to ruin my life. 😤 #unfair #grounded #teenagerproblems #angry #sosad	non-suicide
I just… I can’t see a way out anymore. Everything feels so heavy and pointless. Trying to be strong just exhausts me. It's late, everyone's asleep, and I just needed to say this somewhere. Doesn't feel like there's any point in pretending I'm okay. I'm so tired.	suicide
Ugh, this week has been…a lot. Just need to vent for a sec. Feeling super overwhelmed with work & everything feels like it's piling up. Definitely need a weekend of doing absolutely nothing. Pizza & a movie marathon are calling my name. Anyone else feel like they’re constantly running on empty? 😴 #tired #stressed #needabreak #worklife	non-suicide
Okay, so I’ve been doing a lot of thinking lately, and I wanted to get it out there. Work has been…a lot. Not in a crisis way, just consistently demanding. It's not the workload itself, honestly, it’s the feeling that I'm constantly having to prove myself, like my contributions aren’t immediately recognized. It’s exhausting. I’m trying to be better about setting boundaries – saying no to extra projects, leaving on time – but it's hard when you're worried about appearing uncommitted. It's a weird headspace, wanting to be a team player while also needing to protect my energy. I started taking pottery classes on Tuesdays, which helps immensely. Getting my hands dirty and creating something tangible is a good counterbalance to all the screen time and abstract thinking. I just wish I could figure out how to feel genuinely *good* about my accomplishments without needing external validation. Anyone else struggle	non-suicide
